,Iteration,Particle,Seed,Fitness_vals,p_best_val,g_best_val,position,velocity,g_position
0,0,1,1,"[16.7416, 1.11578, 1.1321, 1.29419, 4.68143]",inf,inf,[1846.77189538 3725.20422755 2727.80363522   89.67674742  269.408367  ],[0. 0. 0. 0. 0.],"[ 8340.44009405 14406.48986884  1000.57187409    80.23325726
    73.37794541]"
1,0,2,1,"[7.3221, 0.89076, 0.739641, 0.917455, 70.1279]",inf,inf,"[8.38389029e+03 1.37043900e+04 2.02226125e+03 1.37811744e+02
 1.36937966e+01]",[0. 0. 0. 0. 0.],"[ 8340.44009405 14406.48986884  1000.57187409    80.23325726
    73.37794541]"
2,0,3,1,"[11.3726, 1.08853, 1.39851, 1.83089, 10.4756]",inf,inf,"[13409.35020357  8346.09604734  3793.44914223    64.03869386
    99.05074454]",[0. 0. 0. 0. 0.],"[ 8340.44009405 14406.48986884  1000.57187409    80.23325726
    73.37794541]"
3,1,1,1,"[4.78597, 42.1874, 15.0644, 2.18169, 4.69725]",11.022070621406325,9.894424134765782,[5517.83080751 6593.74733631 3054.84955107   79.10886312  265.88718824],"[ 3.67105891e+03  2.86854311e+03  3.27045916e+02 -1.05678843e+01
 -3.52117876e+00]","[13409.35020357  8346.09604734  3793.44914223    64.03869386
    99.05074454]"
4,1,2,1,"[0.63074, 71.287, 49.323, 0.872412, 38.7645]",43.179660823708595,9.894424134765782,"[10093.16688708 13165.71389531  2557.75287966   126.55460844
    30.48649621]",[1709.27659901 -538.67611262  535.491631    -11.2571352    16.79269961],"[13409.35020357  8346.09604734  3793.44914223    64.03869386
    99.05074454]"
5,1,3,1,"[1.64396, 14.6687, 7.96012, 1.00168, 34.5563]",9.894424134765782,9.894424134765782,"[13409.35020357  8346.09604734  3793.44914223    64.03869386
    99.05074454]",[0. 0. 0. 0. 0.],"[13409.35020357  8346.09604734  3793.44914223    64.03869386
    99.05074454]"
