,Iteration,Particle,Seed,Fitness_vals,p_best_val,g_best_val,position,velocity,g_position
0,0,1,1,"[1.02132, 0.880369, 4.5216, 3.56753]",inf,inf,[1846.77189538 3725.20422755 2727.80363522   89.67674742  269.408367  ],[0. 0. 0. 0. 0.],"[ 8340.44009405 14406.48986884  1000.57187409    80.23325726
    73.37794541]"
1,0,2,1,"[0.156663, 7.32893]",inf,inf,"[8.38389029e+03 1.37043900e+04 2.02226125e+03 1.37811744e+02
 1.36937966e+01]",[0. 0. 0. 0. 0.],"[ 8340.44009405 14406.48986884  1000.57187409    80.23325726
    73.37794541]"
2,0,3,1,"[53.9141, 2.70732]",inf,inf,"[13409.35020357  8346.09604734  3793.44914223    64.03869386
    99.05074454]",[0. 0. 0. 0. 0.],"[ 8340.44009405 14406.48986884  1000.57187409    80.23325726
    73.37794541]"
3,1,1,1,"[1.3133, 6.3126]",4.0817000867016855,4.0817000867016855,[1846.77189538 3725.20422755 2727.80363522   89.67674742  269.408367  ],[0. 0. 0. 0. 0.],[1846.77189538 3725.20422755 2727.80363522   89.67674742  269.408367  ]
4,1,2,1,"[0.856013, 16.2507]",7.32893,4.0817000867016855,"[ 6160.46324229 12701.16975857  2235.57122254   130.46675571
    64.00180397]","[-2223.42704578 -1003.22024936   213.30997388    -7.34498793
    50.30800737]",[1846.77189538 3725.20422755 2727.80363522   89.67674742  269.408367  ]
5,1,3,1,"[1.61909, 0.890212, 9.74003, 11.1918]",53.914100000000005,4.0817000867016855,[7124.01986818 6470.38298526 3572.14824159   67.12779746  222.97638506],"[-6.28533034e+03 -1.87571306e+03 -2.21300901e+02  3.08910360e+00
  1.23925641e+02]",[1846.77189538 3725.20422755 2727.80363522   89.67674742  269.408367  ]
